store_id,year,month,day,weekday,total_sales
5000,2023,8,2,2,36846.17467685801
5000,2023,8,3,3,38199.27995006695
5001,2023,8,2,2,3701.0794593574865
5001,2023,8,3,3,4325.266791794675
5002,2023,8,2,2,11800.392668955139
5002,2023,8,3,3,10828.127091590408
5003,2023,8,2,2,44179.658228713975
5003,2023,8,3,3,74385.31933357005
5004,2023,8,2,2,60078.89335765895
5004,2023,8,3,3,61129.72120707619
5005,2023,8,2,2,42553.37990662375
5005,2023,8,3,3,43949.284597196325
